Label,S1,S2,S3,S4,S5,S6,S7
1,4.54,1.85,2.26,1.39,63.81,4.78,83.5
1,4.67,1.98,2.3,1.58,62.53,5.0,82.2
0,19.45,26.82,22.83,30.35,2.11,13.34,56.5
1,5.35,2.38,2.47,3.39,35.16,4.23,73.8
0,24.4,8.91,7.65,10.38,6.86,16.63,69.6
1,4.52,1.81,2.26,1.38,62.53,4.87,82.5
1,4.71,1.98,2.3,1.54,63.81,4.98,81.6
0,22.34,7.14,6.38,6.61,10.33,15.69,72.6
0,22.14,7.55,6.4,7.44,9.1,15.5,71.2
0,27.01,9.63,9.06,5.13,12.66,16.7,72.7
1,6.47,9.12,2.53,3.59,16.79,6.52,74.3
0,22.54,31.29,25.69,39.29,2.21,14.46,56.5
0,22.96,31.8,25.69,40.11,2.22,14.7,56.5
0,25.85,37.88,27.67,48.6,2.21,15.56,56.2
0,22.14,33.96,28.81,42.44,2.42,14.7,56.6
0,24.52,7.34,7.41,4.86,14.08,15.25,72.8
1,4.65,1.96,2.29,1.48,63.16,4.95,81.0
0,21.74,32.32,27.39,40.39,2.37,14.94,56.5
0,25.11,6.45,7.89,5.09,13.43,15.82,72.4
1,4.5,1.83,2.27,1.38,64.47,4.8,82.7
1,5.76,8.27,2.5,3.32,18.96,5.45,73.5
0,22.44,6.26,6.53,4.5,15.91,14.46,72.8
0,21.93,6.69,6.09,6.2,11.15,15.62,72.2
0,21.93,8.43,6.04,4.27,14.2,14.58,73.1
0,23.07,42.03,29.11,48.98,2.21,14.52,55.8
1,4.52,1.83,2.26,1.41,63.81,4.76,81.7
0,22.14,34.15,28.81,42.44,2.41,14.82,56.6
1,4.71,1.94,2.3,1.45,62.53,5.06,81.7
0,21.93,7.31,6.3,7.21,9.39,15.56,71.3
1,19.29,9.16,4.64,4.39,14.02,13.94,72.8
0,24.4,6.19,7.38,4.98,14.02,15.5,73.1
0,24.99,8.14,7.52,4.82,13.37,15.56,72.8
0,22.03,7.34,6.3,7.15,9.43,15.69,71.3
1,6.33,8.98,2.51,3.76,16.79,6.23,73.6
0,23.72,8.6,7.26,9.34,7.36,16.7,70.1
0,21.54,31.97,26.2,40.67,2.24,14.29,56.5
0,22.54,7.88,6.61,8.01,8.44,16.08,71.0
1,4.67,1.97,2.3,1.6,64.47,5.04,81.8
0,24.63,8.14,7.35,4.68,13.43,15.5,72.8
1,4.91,2.01,2.39,2.76,62.53,4.33,77.5
0,17.7,4.76,4.62,5.61,14.89,13.29,72.8
0,24.29,8.98,7.83,11.11,6.47,16.77,68.7
1,4.91,2.04,2.41,3.27,60.09,4.37,76.6
1,4.54,1.87,2.29,1.41,61.28,4.76,81.8
0,22.14,6.97,6.25,6.93,9.81,15.18,71.7
0,24.29,8.8,7.68,10.51,6.73,16.77,69.5
1,5.13,2.32,2.45,3.35,44.29,4.21,75.1
1,4.69,2.0,2.3,1.58,61.28,5.0,81.9
1,16.62,8.91,3.12,4.18,15.09,12.18,73.3
1,4.88,2.07,2.42,2.95,62.53,4.37,77.3
1,4.48,1.74,2.24,1.35,63.16,4.78,83.1
0,22.14,7.61,6.45,7.71,8.88,15.62,71.5
0,25.85,38.33,28.09,47.84,2.19,15.75,56.2
0,22.75,7.95,6.7,8.14,8.31,16.15,71.0
0,23.61,32.14,25.82,40.96,2.22,15.0,56.5
1,4.48,1.75,2.24,1.34,62.53,4.74,83.0
0,24.63,6.88,7.11,5.94,11.71,16.15,72.5
0,22.03,30.31,24.72,39.56,2.28,14.17,56.5
0,25.47,9.23,8.41,13.68,5.86,16.77,65.4
0,23.95,6.94,6.97,6.13,11.19,16.15,72.8
0,24.52,9.01,7.95,11.34,6.47,16.84,68.5
1,4.86,2.0,2.41,2.55,64.47,4.35,77.8
1,4.88,2.07,2.42,2.89,62.53,4.37,77.3
1,4.61,1.89,2.27,1.46,63.81,4.91,82.0
1,4.67,2.01,2.3,1.55,63.81,4.95,81.7
0,21.93,33.58,28.09,41.83,2.37,15.0,56.5
0,21.93,6.72,6.09,6.23,11.01,15.43,72.3
0,27.42,8.14,9.06,5.09,12.45,16.77,72.6
0,24.52,8.91,7.83,11.16,6.47,16.63,68.7
0,18.47,26.82,23.04,30.53,2.06,13.03,56.5
0,23.83,8.6,7.32,9.56,7.25,16.15,70.1
0,24.06,6.01,7.06,4.98,14.08,15.5,72.3
1,14.17,9.75,2.72,4.31,14.51,11.43,73.6
0,25.72,6.74,8.28,5.19,12.99,16.15,72.4
1,4.91,2.03,2.41,2.89,62.53,4.27,77.3
1,4.5,1.85,2.26,1.36,63.81,4.78,82.4
0,21.93,6.8,6.17,6.3,10.84,15.31,72.3
1,4.95,2.07,2.42,3.05,60.09,4.37,76.0
1,4.65,1.96,2.27,1.5,62.53,4.95,82.2
0,24.06,8.7,7.43,9.94,7.05,16.77,70.0
0,21.93,6.91,6.22,6.38,10.62,15.31,72.6
1,4.63,1.92,2.27,1.48,63.81,4.91,82.1
1,4.5,1.85,2.26,1.39,62.53,4.78,82.5
0,21.93,33.96,28.66,42.44,2.41,14.46,56.6
1,4.91,2.06,2.42,2.8,58.93,4.35,75.8
0,20.24,27.78,23.47,32.4,2.13,13.45,56.5
1,4.91,2.0,2.39,2.72,60.09,4.33,76.2
1,4.52,1.83,2.24,1.4,64.47,4.78,82.5
0,21.64,31.97,27.25,39.83,2.36,14.82,56.5
1,4.69,1.98,2.32,1.5,63.16,4.98,81.4
0,24.4,8.91,7.62,10.3,6.83,16.42,69.6
0,23.72,6.8,6.64,6.43,11.1,16.22,72.9
0,22.86,6.53,6.32,6.48,11.42,15.82,72.7
1,4.69,2.0,2.3,1.6,63.81,5.09,82.2
1,17.93,6.5,4.79,4.2,17.18,12.62,72.9
1,5.35,2.39,2.45,3.51,36.37,4.25,73.8
0,23.5,41.76,29.56,48.98,2.19,14.82,56.2
0,22.75,41.5,29.72,49.38,2.23,14.58,55.1
0,24.29,8.8,7.49,10.06,6.94,16.63,69.7
0,24.87,9.12,8.24,12.96,5.91,16.56,66.0
0,25.72,7.14,8.28,5.61,11.66,16.77,72.2
1,4.67,1.96,2.29,1.58,62.53,5.02,81.9
1,4.59,1.9,2.27,1.47,63.16,4.91,82.3
0,23.72,33.21,26.46,41.83,2.24,15.18,56.5
1,4.88,2.1,2.42,3.28,56.73,4.35,75.7
0,26.1,37.88,27.81,48.6,2.21,16.08,56.2
1,4.88,2.04,2.42,2.84,62.53,4.35,77.4
0,22.65,33.96,26.46,42.44,2.23,14.58,56.5
1,5.22,2.33,2.47,3.28,41.05,4.19,74.0
1,5.4,2.38,2.45,3.24,34.25,4.33,73.9
0,24.29,6.91,6.94,6.18,11.29,16.08,72.7
0,24.17,8.8,7.52,10.1,6.94,16.56,69.7
1,4.88,2.01,2.39,2.67,63.16,4.39,76.8
1,4.61,1.89,2.29,1.46,62.53,4.93,81.9
1,4.48,1.82,2.26,1.38,65.83,4.76,83.4
1,4.86,2.08,2.44,3.22,55.17,4.33,75.6
0,22.03,33.77,28.52,42.13,2.38,14.82,56.6
0,25.47,11.49,8.44,13.68,5.86,16.63,64.7
1,4.48,1.85,2.26,1.4,64.47,4.78,82.5
0,25.11,9.16,8.41,13.45,5.91,16.63,65.6
1,4.48,1.82,2.26,1.18,64.47,4.87,82.6
0,23.83,6.72,6.86,5.82,11.76,15.88,72.7
1,13.45,9.86,2.67,4.04,15.15,10.87,73.5
1,4.88,2.0,2.42,2.87,62.53,4.35,77.1
1,4.44,1.79,2.26,1.35,64.47,4.72,83.0
1,13.56,9.37,2.7,3.72,15.49,11.52,73.5
0,21.84,5.94,6.07,4.27,16.72,14.0,72.7
0,22.03,33.21,26.98,41.54,2.24,14.29,56.5
0,24.87,9.01,7.95,11.52,6.39,17.05,68.1
1,4.67,1.98,2.27,1.57,61.28,5.06,82.0
0,22.14,7.05,6.22,6.69,10.2,15.56,72.4
0,24.99,9.12,8.11,12.7,5.88,16.56,66.2
1,4.84,1.97,2.41,2.49,64.47,4.27,78.2
1,4.67,1.93,2.27,1.51,62.53,5.0,82.4
0,22.54,7.7,6.51,7.83,8.61,16.02,70.9
0,23.39,41.24,29.87,48.22,2.19,14.94,56.2
1,4.65,1.97,2.3,1.51,62.53,4.93,81.9
1,4.61,1.96,2.29,1.49,64.47,4.91,82.1
1,4.67,1.98,2.32,1.5,63.16,5.0,81.5
0,22.24,7.02,6.14,6.61,10.37,15.31,72.5
0,24.06,8.74,7.38,9.67,7.19,16.49,70.0
1,4.69,1.97,2.29,1.57,64.47,5.04,82.0
0,25.85,6.99,8.02,5.68,11.76,16.08,72.3
0,22.86,6.42,6.35,5.7,12.4,15.62,72.6
0,22.24,33.21,26.46,41.25,2.22,14.29,56.5
1,5.08,2.23,2.42,3.38,49.63,4.21,75.6
0,23.07,42.03,29.56,49.38,2.22,14.58,55.4
1,4.86,1.98,2.41,2.64,64.47,4.35,77.8
0,22.86,41.24,29.56,49.38,2.21,14.29,55.1
1,5.13,2.33,2.45,3.22,43.95,4.21,74.4
0,27.01,7.49,9.09,5.15,12.51,16.42,72.5
0,21.84,6.61,6.07,6.18,11.19,15.43,72.2
1,4.91,2.07,2.41,3.07,63.81,4.43,76.8
0,27.01,8.33,8.95,5.02,12.51,16.7,72.6
1,16.62,8.74,3.31,4.15,15.22,12.98,73.3
1,4.88,2.03,2.42,2.98,61.28,4.37,76.2
1,4.69,2.0,2.3,1.63,63.16,5.02,82.2
0,23.72,32.67,26.07,41.83,2.24,15.18,56.5
1,4.44,1.79,2.24,1.35,62.53,4.74,83.1
1,4.52,1.83,2.27,1.39,63.16,4.8,83.1
1,4.65,1.98,2.29,1.57,62.53,5.06,82.0
1,5.38,2.39,2.45,3.49,37.65,4.25,73.9
1,4.5,1.85,2.26,1.4,63.16,4.76,83.5
1,20.97,8.91,5.6,4.92,13.66,14.34,72.9
0,27.28,8.23,9.09,5.06,12.4,16.77,72.6
1,5.1,2.29,2.44,2.89,48.0,4.23,74.8
1,4.91,2.04,2.41,3.1,61.28,4.41,77.2
0,23.61,8.67,7.23,9.3,7.42,16.63,70.0
0,22.75,41.76,29.56,48.6,2.21,14.46,55.8
1,4.88,2.1,2.44,3.17,57.81,4.37,75.8
0,21.74,6.69,6.14,6.23,11.06,15.75,72.3
0,22.14,8.4,6.32,4.48,14.2,14.76,73.0
0,22.03,6.85,6.19,6.33,10.79,15.62,72.4
0,23.07,8.14,6.86,8.43,8.09,16.28,70.8
0,24.29,8.8,7.62,10.34,6.78,16.7,69.6
0,24.4,8.91,7.58,10.22,6.97,16.49,69.7
1,4.73,2.0,2.3,1.6,62.53,5.02,82.6
0,24.87,9.09,8.02,12.14,6.14,16.98,66.9
0,18.47,5.02,4.88,5.8,14.32,13.56,72.8
1,5.38,5.48,2.47,3.39,25.95,4.61,73.7
1,16.62,9.34,3.06,4.29,14.7,12.47,73.3
1,13.13,9.75,2.68,4.11,15.15,10.65,73.7
0,25.23,9.23,8.41,13.68,5.88,16.42,64.8
0,21.93,7.22,6.22,7.07,9.43,15.43,72.0
0,21.93,7.37,6.32,7.24,9.39,15.56,71.3
0,24.99,7.02,7.62,5.98,12.56,16.49,72.5
1,4.67,1.98,2.3,1.62,62.53,5.0,81.8
0,22.86,42.56,29.56,49.38,2.22,14.64,55.4
0,26.23,7.14,8.34,4.94,13.49,16.08,72.6
0,23.95,8.7,7.41,9.79,7.13,16.56,70.0
1,5.06,2.17,2.42,3.39,50.06,4.25,75.0
1,4.91,2.07,2.44,3.04,63.16,4.41,77.2
0,17.85,7.14,4.22,3.41,17.42,13.45,73.1
0,24.17,6.83,7.11,5.91,11.8,16.02,72.5
0,25.72,36.57,27.25,47.47,2.19,15.56,56.2
0,26.1,37.65,27.67,48.98,2.19,15.69,56.2
1,4.91,2.07,2.41,2.73,62.53,4.43,77.6
0,23.61,41.5,29.56,48.98,2.19,14.82,55.8
0,23.28,8.23,6.89,8.5,8.05,16.35,70.8
1,4.54,1.83,2.27,1.4,60.68,4.8,82.0
1,4.57,1.89,2.27,1.42,62.53,4.87,81.9
1,4.93,2.1,2.44,3.19,53.69,4.31,75.7
1,4.52,1.85,2.29,1.37,62.53,4.8,82.2
1,4.61,1.92,2.29,1.49,61.28,5.02,82.6
1,5.4,6.8,2.47,3.57,24.69,4.55,73.7
0,22.44,33.96,27.53,43.05,2.27,15.0,56.5
1,4.63,1.94,2.3,1.51,62.53,4.95,81.8
1,4.93,2.04,2.42,2.86,63.81,4.29,77.4
1,4.52,1.82,2.26,1.38,65.15,4.82,82.6
1,5.61,9.67,2.5,4.02,17.67,5.24,73.6
1,4.67,1.97,2.3,1.59,62.53,5.04,82.1
1,4.93,2.03,2.41,2.74,64.47,4.27,76.7
1,4.63,1.89,2.27,1.48,61.28,5.0,82.6
1,4.93,2.1,2.42,3.27,60.09,4.39,76.5
0,24.63,8.84,7.74,10.85,6.52,16.56,69.3
1,4.63,1.96,2.29,1.5,62.53,4.91,81.9
0,25.6,7.16,7.83,6.03,12.51,16.7,72.5
0,23.95,8.67,7.38,9.63,7.19,16.35,70.2
1,4.67,1.87,2.27,1.38,62.53,5.13,82.0
0,24.63,9.05,7.95,11.29,6.47,16.98,68.5
0,25.72,37.65,27.53,47.84,2.21,15.5,56.2
0,25.72,9.3,8.68,14.03,5.95,16.35,64.0
0,24.52,8.87,7.89,11.85,6.17,16.77,67.0
0,23.28,6.66,6.4,6.46,11.33,15.88,72.8
1,7.66,9.45,2.54,3.81,16.49,8.26,73.7
0,20.97,5.79,5.65,4.0,17.18,13.83,73.4
1,4.93,2.04,2.41,3.08,61.9,4.39,76.5
1,4.84,2.01,2.39,2.33,62.53,4.39,78.1
1,5.04,2.23,2.44,3.49,49.63,4.23,74.9
1,4.73,2.04,2.32,1.59,63.16,4.95,82.4
1,4.88,2.08,2.42,3.16,57.27,4.39,75.7
1,4.93,2.06,2.42,2.92,61.9,4.41,76.7
0,22.03,34.15,28.66,42.44,2.4,14.76,56.6
0,23.61,8.57,7.2,9.01,7.51,16.91,70.4
0,21.64,32.32,27.53,40.39,2.36,14.88,56.5
1,4.5,1.81,2.26,1.39,64.47,4.82,82.5
0,23.72,32.32,26.2,40.96,2.23,15.25,56.5
1,4.5,1.85,2.24,1.36,64.47,4.78,82.0
0,24.75,9.09,7.92,11.29,6.49,16.98,68.6
0,22.14,7.49,6.4,7.65,8.88,15.43,70.9
0,22.44,7.08,6.35,6.53,10.25,15.69,72.6
0,22.54,7.88,6.67,8.11,8.41,16.15,71.0
1,4.54,1.89,2.27,1.47,61.28,4.82,82.0
0,24.06,6.94,6.89,6.23,11.06,15.88,72.6
0,21.93,6.11,5.94,6.48,11.9,15.37,72.8
0,23.61,41.76,29.41,48.98,2.21,14.7,56.2
1,4.73,1.94,2.3,1.56,62.53,5.11,82.1
1,5.35,3.05,2.47,3.49,27.78,4.53,73.8
0,25.85,37.88,27.81,47.84,2.19,15.88,56.2
1,5.73,9.05,2.5,3.9,17.26,5.36,74.2
0,22.03,6.97,6.12,6.56,10.37,15.43,72.5
0,24.99,7.73,7.58,4.9,13.84,15.43,72.8
1,4.88,2.04,2.39,2.86,62.53,4.29,77.3
0,23.07,8.07,6.81,8.33,8.15,16.49,70.8
1,4.93,2.03,2.41,2.86,62.53,4.29,77.3
1,4.99,2.3,2.42,3.24,46.45,4.19,74.8
1,4.95,2.14,2.45,3.52,52.74,4.27,75.2
1,5.1,2.24,2.42,3.48,48.4,4.25,74.8
0,22.03,7.34,6.35,7.38,9.28,15.62,71.2
0,22.14,7.34,6.3,7.15,9.46,15.43,71.3
1,4.67,1.94,2.3,1.55,62.53,5.11,82.1
1,4.99,2.11,2.44,3.21,52.74,4.31,75.2
1,4.57,1.89,2.27,1.48,63.81,4.91,82.2
0,22.44,7.55,6.45,7.65,8.99,15.5,71.0
0,23.5,8.6,7.14,8.91,7.62,16.7,69.6
1,4.65,1.89,2.3,1.37,62.53,5.13,82.0
1,4.61,1.92,2.29,1.49,63.16,4.98,82.6
1,4.69,1.92,2.29,1.36,61.9,5.11,81.9
1,4.5,1.85,2.26,1.39,62.53,4.78,82.8
0,25.85,37.65,28.23,47.84,2.21,15.95,56.2
0,24.4,8.94,7.74,10.81,6.57,16.91,69.4
0,22.14,7.11,6.22,6.72,10.16,15.5,72.4
0,21.25,5.32,5.44,4.27,16.05,14.0,72.2
0,22.03,7.25,6.22,6.99,9.61,15.31,71.5
0,25.72,9.56,8.71,13.4,6.29,17.12,65.9
1,4.93,2.06,2.42,2.98,60.68,4.37,76.1
1,5.38,2.45,2.47,3.52,32.52,4.37,74.5
0,21.74,33.21,27.95,41.25,2.37,14.94,56.5
0,25.11,9.12,8.11,12.65,5.91,16.77,66.3
0,24.4,6.97,7.0,6.11,11.38,15.82,72.7
0,22.65,33.77,26.85,42.13,2.23,14.52,56.5
1,4.44,1.79,2.26,1.38,64.47,4.82,83.1
1,4.57,1.83,2.26,1.4,62.53,4.82,83.0
1,5.71,9.6,2.5,4.04,17.18,5.29,73.6
1,16.69,9.86,2.92,4.46,13.84,12.72,73.4
1,4.93,2.07,2.42,3.27,61.9,4.39,76.3
1,4.63,1.96,2.29,1.49,61.28,4.95,82.0
0,24.29,6.99,6.92,6.18,11.15,16.15,72.7
1,4.67,1.96,2.29,1.54,62.53,5.09,81.9
1,4.65,1.96,2.3,1.49,63.16,4.93,82.2
1,4.91,2.04,2.41,2.63,65.15,4.37,77.7
0,22.24,31.12,25.32,40.11,2.27,14.4,56.5
1,4.61,1.92,2.3,1.48,63.16,5.0,82.4
1,4.88,2.04,2.42,2.89,63.81,4.29,77.2
1,5.33,7.76,2.48,3.62,23.04,4.72,74.3
0,21.84,7.25,6.25,7.1,9.43,15.5,71.5
0,24.75,6.29,7.71,5.06,13.6,15.75,72.4
0,25.72,37.43,27.53,48.6,2.18,15.56,56.2
1,4.46,1.81,2.26,1.39,64.47,4.8,83.0
0,22.03,33.96,28.66,42.44,2.38,14.76,56.6
1,5.68,9.56,2.48,4.04,17.18,5.45,73.6
1,4.54,1.85,2.26,1.39,63.81,4.8,81.9
1,4.88,2.01,2.42,3.1,60.09,4.33,76.3
1,4.67,1.94,2.3,1.58,61.9,5.11,82.0
1,4.63,1.9,2.27,1.38,55.68,5.13,82.0
0,22.03,33.96,28.52,42.13,2.4,14.7,56.6
1,11.0,10.22,2.62,4.52,14.44,9.93,74.0
0,20.15,29.53,24.72,34.47,2.16,13.56,56.5
0,24.29,8.87,7.68,10.59,6.65,16.77,69.4
0,25.23,9.12,8.41,13.62,5.88,16.42,65.3
0,20.69,5.52,5.51,4.96,14.89,14.46,72.4
1,6.99,9.75,2.54,4.02,15.77,7.13,73.7
0,22.34,7.08,6.25,6.58,10.25,15.69,72.6
0,25.6,6.97,7.92,5.68,11.85,16.28,72.3
1,4.86,2.04,2.41,3.16,59.5,4.37,75.8
0,24.87,6.77,7.62,5.61,12.25,15.75,73.0
1,4.71,1.98,2.29,1.55,63.81,5.06,82.0
1,4.69,1.94,2.3,1.54,62.53,5.02,82.0
1,16.76,8.57,3.45,4.02,15.56,12.42,73.2
1,4.48,1.85,2.27,1.39,64.47,4.76,83.3
0,23.72,41.24,29.56,48.98,2.21,14.82,56.2
1,4.5,1.83,2.26,1.31,62.53,4.78,82.6
0,22.34,6.69,6.17,6.11,11.15,15.43,72.4
0,22.03,6.74,6.19,6.18,11.19,15.25,72.3
1,13.72,9.98,2.7,4.13,15.09,10.99,73.5
0,25.6,6.88,7.83,5.66,11.9,16.15,72.3
0,22.54,32.32,25.82,41.25,2.26,15.06,56.5
1,4.69,1.89,2.27,1.37,61.9,5.13,81.9
0,21.54,31.8,27.12,39.29,2.36,14.76,56.5
1,4.65,1.94,2.29,1.49,63.81,4.95,82.0
0,24.17,8.33,7.38,4.82,13.32,15.62,72.8
1,4.91,2.03,2.42,2.79,60.68,4.35,76.2
1,5.73,8.4,2.51,3.62,18.25,5.36,73.5
1,4.88,2.03,2.42,2.62,62.53,4.39,77.4
0,26.36,6.8,8.37,5.26,12.93,16.42,72.5
1,5.38,2.59,2.48,3.56,29.11,4.49,73.8
1,4.5,1.83,2.26,1.4,60.68,4.84,82.1
1,8.16,9.09,2.54,3.88,16.2,8.32,73.8
0,22.03,33.96,28.52,42.44,2.4,14.7,56.6
0,26.36,7.05,8.51,5.06,12.93,15.82,72.5
0,24.4,8.84,7.62,10.51,6.7,16.63,69.5
0,19.04,5.2,5.07,6.01,13.84,14.17,72.8
1,4.71,1.96,2.29,1.51,63.81,5.04,82.1
1,4.52,1.81,2.26,1.39,63.16,4.76,83.4
1,4.91,2.04,2.42,2.96,62.53,4.33,77.2
0,25.72,7.11,8.15,5.63,11.71,16.7,72.3
1,6.0,9.16,2.51,3.64,17.58,5.71,73.5
0,24.63,8.91,7.83,11.16,6.47,16.84,68.8
0,24.29,6.69,7.29,5.61,13.37,16.02,72.5
0,22.75,33.96,26.85,42.13,2.23,14.88,56.5
1,4.52,1.85,2.27,1.39,65.83,4.82,82.0
1,4.57,1.86,2.27,1.45,62.53,4.91,81.1
0,22.03,33.03,26.46,40.39,2.21,14.29,56.5
1,4.91,2.1,2.42,3.28,55.68,4.31,75.7
0,22.54,33.96,27.67,43.05,2.27,15.06,56.5
0,26.36,8.3,8.51,4.88,12.82,16.7,72.6
0,24.99,9.05,8.21,12.91,5.91,16.42,66.0
1,4.91,2.03,2.41,2.73,62.53,4.41,78.2
1,4.69,1.98,2.29,1.6,62.53,5.02,82.1
0,22.03,33.77,28.66,42.13,2.42,14.7,56.6
1,4.93,2.07,2.38,3.21,60.09,4.39,76.3
1,4.5,1.82,2.26,1.37,62.53,4.84,82.6
0,25.11,9.09,8.11,12.75,5.86,16.28,66.2
0,25.23,9.16,8.18,12.86,5.91,16.49,66.1
0,23.95,8.8,7.52,10.06,6.97,16.84,69.7
1,4.84,2.0,2.42,2.2,65.15,4.37,78.1
0,22.03,33.96,28.37,42.13,2.38,14.58,56.6
0,21.93,33.77,28.23,41.83,2.37,14.94,56.5
1,18.87,9.45,4.2,4.58,13.96,13.61,73.1
0,22.14,7.22,6.22,7.01,9.5,15.5,72.1
0,24.75,9.01,8.05,12.14,6.12,16.91,66.8
1,16.76,9.63,3.01,4.39,14.14,12.62,73.4
0,25.85,7.16,8.34,5.45,11.9,16.42,72.1
0,23.5,6.77,6.72,6.23,11.24,16.15,72.8
0,22.14,33.96,28.52,42.13,2.41,15.18,56.6
1,4.86,2.01,2.42,2.56,64.47,4.39,78.1
0,24.63,8.87,7.89,11.8,6.17,16.77,67.0
0,23.5,8.37,7.03,8.73,7.68,16.49,70.7
0,20.42,27.92,23.47,32.6,2.11,13.4,56.5
1,4.8,2.0,2.41,2.46,64.47,4.29,78.8
0,25.6,9.34,8.74,13.97,6.02,16.7,64.5
0,23.18,42.29,29.87,48.6,2.21,14.52,55.8
0,21.54,5.72,5.99,5.28,14.44,14.52,72.4
1,4.67,1.98,2.3,1.59,64.47,5.09,82.3
0,21.64,32.49,27.53,40.67,2.36,14.82,56.5
0,22.24,7.58,6.48,7.71,8.85,15.75,70.9
1,4.57,1.89,2.26,1.47,64.47,4.93,82.2
1,4.71,2.04,2.3,1.62,61.9,4.95,82.0
1,4.59,1.85,2.24,1.4,62.53,4.89,82.0
1,16.55,8.57,3.4,4.11,15.56,12.42,73.2
0,20.51,5.62,5.44,6.23,12.77,14.7,72.8
0,25.35,9.19,8.44,13.68,5.88,16.56,64.6
0,22.03,6.77,6.14,6.3,10.97,15.25,72.3
0,22.14,7.31,6.3,7.27,9.39,15.43,71.3
0,23.07,6.53,5.94,4.96,12.88,15.62,72.4
0,24.52,8.87,7.55,10.14,6.97,15.82,69.7
0,22.34,6.91,6.22,6.38,10.66,15.5,71.9
0,22.44,7.82,6.56,7.92,8.64,15.95,70.8
0,24.4,8.91,7.71,10.68,6.6,16.77,69.4
1,5.35,3.39,2.47,3.43,26.99,4.51,73.8
0,26.1,6.97,8.18,4.88,13.72,16.08,72.7
1,5.08,2.33,2.19,3.3,45.35,4.21,74.8
0,15.12,4.15,3.81,4.46,18.51,12.13,72.5
1,4.73,1.97,2.32,1.58,62.53,5.13,81.5
0,25.35,9.19,8.37,13.29,5.91,16.63,65.7
0,26.1,7.14,8.21,5.41,12.05,16.28,72.1
0,23.5,6.8,6.59,6.28,11.24,16.08,72.9
1,4.93,2.04,2.42,3.05,58.93,4.39,76.1
1,4.67,1.96,2.3,1.49,62.53,4.93,82.4
0,23.28,8.23,6.94,8.56,7.96,16.49,70.8
1,5.35,2.38,2.45,3.28,39.57,4.19,74.0
1,20.69,9.23,5.32,4.84,13.49,14.23,72.8
0,24.4,8.94,7.77,10.85,6.49,16.42,69.1
0,21.74,33.03,27.95,41.25,2.37,14.94,56.5
1,4.48,1.82,2.26,1.38,62.53,4.82,82.6
1,4.91,2.11,2.42,3.24,53.69,4.33,75.4
0,24.17,8.07,7.09,4.68,13.72,15.5,72.8
1,5.08,2.3,2.44,3.33,44.29,4.25,74.4
1,6.33,9.23,2.3,3.88,16.42,6.16,73.6
1,7.24,9.19,2.53,3.95,16.34,7.6,73.8
0,23.28,8.43,7.06,8.8,7.75,16.7,70.6
0,22.44,6.99,6.3,6.61,10.29,15.75,72.6
0,22.44,33.58,26.72,41.54,2.22,14.58,56.5
0,24.17,8.7,7.43,9.83,7.11,16.7,70.0
0,24.87,9.05,8.15,12.75,5.86,16.42,66.3
0,22.03,6.66,6.14,6.23,11.15,15.69,72.3
0,24.63,9.01,7.95,11.71,6.29,16.84,67.9
0,24.17,6.83,6.94,5.87,11.85,15.95,72.5
0,24.99,8.91,8.34,13.79,5.86,15.75,62.7
1,5.17,2.23,2.42,3.32,49.22,4.25,74.8
1,5.15,2.3,2.44,3.25,44.64,4.25,74.5
1,4.59,1.89,2.29,1.48,62.53,5.0,82.6
0,25.6,9.37,8.68,13.91,5.98,16.63,64.3
1,11.21,9.52,2.62,4.35,15.02,10.01,74.1
1,5.35,4.47,2.47,3.39,26.39,4.53,73.8
1,4.91,2.04,2.41,2.86,61.9,4.31,77.4
1,4.57,1.89,2.27,1.46,62.53,4.89,82.0
0,22.75,34.93,27.95,44.01,2.27,15.31,56.5
0,22.34,6.16,6.19,6.15,11.15,15.5,72.4
1,5.35,2.39,2.45,3.16,33.8,4.29,73.8
1,5.06,2.27,2.44,3.16,47.6,4.25,74.8
1,4.59,1.87,2.27,1.46,63.81,4.91,82.4
1,4.63,1.93,2.29,1.49,62.53,4.93,82.0
0,22.03,6.99,6.25,6.72,10.25,15.88,72.0
0,24.63,8.87,7.8,11.02,6.44,16.63,68.7
0,21.93,32.85,26.72,41.54,2.24,14.23,56.5
1,4.93,2.07,2.42,2.63,59.5,4.37,76.2
1,4.69,1.96,2.26,1.56,63.81,5.09,82.1
1,4.46,1.81,2.26,1.39,62.53,4.84,83.0
0,27.55,8.27,9.13,5.09,12.4,16.77,72.7
0,22.34,7.11,6.35,6.53,10.41,15.69,72.0
0,22.65,6.42,6.14,6.46,11.52,15.82,72.8
0,22.24,8.7,6.3,7.32,9.24,15.43,71.2
1,4.52,1.83,2.26,1.41,62.53,4.91,81.9
0,24.87,9.09,8.24,12.96,5.88,16.42,66.0
1,4.99,2.08,2.44,3.16,54.18,4.35,75.4
0,24.52,8.8,7.68,10.89,6.44,16.49,68.9
1,4.91,2.04,2.42,3.21,63.16,4.37,77.3
0,22.24,6.66,6.17,6.13,11.15,15.37,72.2
0,22.34,7.55,6.45,7.65,8.88,15.75,70.9
1,6.93,9.9,2.51,4.02,15.77,7.01,73.7
1,4.61,1.92,2.29,1.48,63.16,4.98,82.1
0,22.34,33.77,27.53,42.74,2.27,15.0,56.5
1,18.63,8.63,4.52,4.41,14.51,13.34,73.5
1,4.52,1.81,2.27,1.39,63.81,4.78,82.4
0,22.14,33.03,26.33,40.67,2.21,14.23,56.5
1,4.67,1.9,2.27,1.37,62.53,5.17,82.0
0,25.23,9.16,8.51,13.68,5.88,16.63,64.6
1,4.54,1.83,2.26,1.39,65.15,4.82,82.6
0,25.85,7.16,8.37,5.59,11.76,16.84,72.2
1,4.48,1.79,2.26,1.32,62.53,4.76,82.5
1,4.93,2.06,2.41,3.08,61.28,4.37,76.8
0,22.96,41.76,29.87,48.98,2.21,14.58,55.8
0,21.93,7.22,6.25,6.99,9.65,15.12,71.6
0,21.64,32.32,26.07,39.29,2.19,14.11,56.5
0,24.87,9.16,8.08,12.29,6.12,17.12,66.8
1,4.57,1.86,2.26,1.45,62.53,4.89,82.2
1,4.91,3.04,2.41,3.22,59.5,4.41,76.0
1,4.88,2.03,2.41,2.69,62.53,4.37,78.0
0,27.15,7.58,8.78,4.94,12.56,16.77,72.5
1,4.71,1.86,2.26,1.41,62.53,4.84,82.0
1,4.88,2.11,2.42,3.36,53.21,4.33,75.2
1,4.88,2.07,2.41,3.01,61.28,4.43,76.8
1,4.99,2.11,2.44,3.16,53.69,4.35,75.5
1,4.93,2.04,2.42,3.17,100.52,4.39,76.6
1,5.4,2.38,2.45,3.46,37.92,4.19,73.8
1,4.84,1.98,2.41,2.53,64.47,4.31,78.2
1,4.67,1.94,2.3,1.52,63.81,5.06,82.0
0,23.28,8.27,6.86,8.46,8.02,16.56,70.8
0,26.62,7.37,8.57,5.0,13.09,16.42,72.7
1,4.42,1.75,2.24,1.36,64.47,4.74,83.0
0,21.93,7.19,6.22,7.07,9.46,15.5,71.5
1,17.11,8.94,3.52,4.0,15.42,12.82,73.2
1,7.36,8.94,2.51,3.79,16.87,7.6,73.7
1,4.93,2.18,2.44,3.43,51.82,4.27,75.1
1,4.88,2.01,2.41,2.84,60.09,4.31,76.2
1,4.67,1.97,2.32,1.5,63.81,5.0,82.2
1,5.15,2.23,2.44,3.01,48.8,4.23,74.8
0,24.29,8.84,7.74,10.76,6.57,16.7,69.3
1,4.91,2.04,2.41,2.87,62.53,4.33,77.3
0,21.93,30.0,24.72,36.27,2.18,14.23,56.5
0,21.84,7.16,6.22,7.04,9.46,15.5,71.5
0,22.44,6.99,6.3,6.51,10.37,15.37,72.6
1,4.52,1.85,2.24,1.39,64.47,4.76,83.4
1,4.93,2.07,2.39,2.86,64.47,4.29,77.4
1,4.63,1.94,2.3,1.48,63.81,4.98,82.2
1,4.93,2.07,2.42,2.92,59.5,4.39,76.0
0,22.75,7.98,6.75,8.24,8.25,16.35,70.9
1,5.38,2.45,2.45,3.44,31.71,4.39,73.8
1,4.93,2.04,2.41,2.93,61.9,4.27,77.4
0,23.72,6.77,6.75,6.25,11.15,16.28,72.7
1,4.73,2.0,2.29,1.57,61.28,5.04,82.9
1,4.84,2.01,2.41,2.7,62.53,4.31,78.0
0,22.96,8.11,6.83,8.37,8.05,16.49,71.4
1,4.91,2.03,2.42,2.98,60.68,4.39,76.4
1,4.93,2.06,2.42,3.01,61.28,4.41,76.1
1,4.93,2.06,2.42,3.08,61.28,4.41,77.3
1,4.91,2.04,2.42,2.7,64.47,4.41,77.4
0,22.14,7.31,6.3,7.29,9.28,15.37,71.2
0,26.23,7.05,8.51,5.06,13.09,16.22,72.5
1,4.59,1.83,2.29,1.39,62.53,4.89,82.0
1,4.88,2.07,2.42,2.83,63.81,4.37,77.4
1,4.52,1.82,2.27,1.37,61.28,4.76,83.1
1,5.4,8.47,2.48,3.76,21.55,4.91,73.7
0,22.65,8.01,6.75,8.27,8.15,16.22,70.9
1,4.54,1.83,2.26,1.42,63.81,4.89,82.1
0,23.18,6.61,6.97,4.66,15.09,14.88,72.8
0,24.75,9.09,7.99,11.75,6.27,16.91,67.8
1,4.93,2.07,2.42,3.1,58.36,4.41,76.0
1,6.08,10.46,2.51,3.79,17.1,5.22,73.6
0,25.47,9.16,8.44,13.62,5.86,16.42,64.7
1,16.83,10.26,2.89,4.54,13.54,12.72,73.4
0,22.03,7.37,6.3,7.15,9.46,15.62,71.3
1,4.52,1.86,2.29,1.39,62.53,4.78,82.4
1,4.5,1.82,2.26,1.41,62.53,4.82,83.5
0,23.95,33.03,26.2,41.54,2.23,15.25,56.5
1,4.52,1.82,2.27,1.38,64.47,4.82,82.5
0,24.29,8.77,7.46,9.94,6.97,16.77,69.8
0,24.99,8.04,7.65,4.9,13.49,15.69,72.8
0,23.83,6.26,6.92,4.39,15.02,15.31,72.5
1,5.52,6.42,2.5,3.21,21.33,5.11,73.7
1,4.69,1.97,2.29,1.59,61.9,5.0,82.6
0,22.44,7.02,6.27,6.64,10.25,15.95,72.6
1,4.52,1.82,2.26,1.38,64.47,4.8,82.7
1,4.52,1.83,2.27,1.38,61.28,4.82,82.1
0,24.4,8.87,7.74,10.89,6.47,16.22,68.9
0,24.29,8.84,7.52,10.06,6.97,16.84,69.7
0,25.97,37.21,27.25,47.47,2.21,15.95,56.2
1,5.38,2.67,2.45,3.49,29.11,4.51,73.7
0,25.72,7.05,8.11,5.7,11.76,16.42,72.2
0,22.14,6.74,6.14,6.28,10.79,15.25,72.3
0,18.87,25.54,21.9,28.82,2.13,12.67,56.5
1,4.91,2.03,2.42,3.19,60.68,4.35,76.3
0,22.65,32.85,26.46,41.54,2.26,14.64,56.5
0,15.18,4.19,3.98,4.78,17.91,12.23,72.6
0,25.35,9.16,8.54,13.85,5.86,16.08,63.5
1,16.62,9.09,3.11,4.26,14.89,12.27,73.4
1,4.84,2.0,2.42,2.69,64.47,4.35,78.0
0,24.29,33.4,26.07,41.25,2.23,15.31,56.5
1,4.5,1.81,2.24,1.36,64.47,4.87,82.5
0,23.95,8.63,7.26,9.41,7.39,16.22,70.2
0,22.44,7.55,6.43,7.65,8.95,15.62,71.0
0,24.63,8.87,7.86,11.8,6.17,16.77,67.0
1,4.65,1.98,2.29,1.48,60.68,4.91,81.8
1,8.03,9.3,2.56,4.02,15.77,8.46,73.8
1,5.24,2.35,2.45,3.35,41.66,4.17,74.1
1,4.69,1.93,2.29,1.55,61.28,5.06,82.0
1,5.73,9.41,2.48,3.97,17.1,5.31,73.6
1,5.1,2.33,2.45,3.27,43.61,4.19,74.2
0,21.84,7.05,6.25,6.82,10.0,15.43,71.8
1,4.46,1.79,2.24,1.34,62.53,4.74,82.6
0,23.61,6.72,6.53,6.46,11.24,15.95,72.8
1,5.38,8.37,2.48,3.61,22.1,4.89,73.8
0,25.97,6.97,8.44,5.04,13.15,15.82,72.5
0,24.99,9.05,7.99,11.57,6.34,16.91,68.0
1,16.55,8.87,3.24,4.16,15.29,12.47,73.2
0,24.52,6.5,7.29,5.5,12.4,15.88,72.3
0,24.4,8.91,7.71,10.68,6.62,16.7,69.4
1,5.06,2.35,2.44,3.22,46.45,4.19,74.8
1,4.5,1.81,2.24,1.37,62.53,4.84,81.9
1,4.91,2.13,2.44,3.25,53.21,4.33,75.4
0,22.54,7.11,6.35,6.61,10.2,15.82,72.6
0,25.85,37.43,27.53,48.6,2.19,15.88,56.2
1,4.99,2.26,2.42,3.52,50.06,4.25,74.8
1,4.93,2.04,2.42,3.05,61.9,4.41,77.2
1,5.35,2.45,2.45,3.41,31.91,4.37,73.8
0,22.24,8.27,6.22,6.58,10.29,15.82,72.5
0,23.18,6.42,6.48,5.75,12.3,15.56,72.6
1,4.67,1.94,2.3,1.62,63.81,5.06,81.7
1,5.35,2.35,2.47,3.33,39.01,4.25,73.9
1,4.91,2.07,2.42,3.11,61.9,4.37,76.3
0,23.39,42.56,29.87,49.38,2.19,14.58,55.8
1,4.91,2.04,2.41,2.72,62.53,4.39,77.5
1,4.54,1.87,2.27,1.41,63.16,4.89,81.8
1,4.95,2.03,2.42,2.92,61.28,4.41,76.0
1,4.73,1.98,2.3,1.58,63.81,4.98,82.1
1,4.88,2.06,2.41,3.11,58.36,4.35,76.5
1,4.82,2.01,2.39,2.57,64.47,4.39,77.9
1,4.71,1.98,2.29,1.55,80.86,5.09,81.6
1,10.33,8.23,2.59,3.3,17.67,9.59,73.8
0,25.35,9.12,8.51,13.68,5.91,16.7,64.7
1,5.15,2.32,2.45,3.35,41.35,4.17,74.1
0,24.63,8.98,7.92,11.43,6.44,16.98,68.4
1,4.67,1.93,2.27,1.52,62.53,4.95,82.4
0,24.63,8.98,7.95,11.8,6.27,17.12,67.0
1,4.54,1.89,2.27,1.45,62.53,4.87,82.0
0,24.63,6.91,7.23,5.91,11.66,16.22,72.5
1,4.54,1.89,2.3,1.42,60.68,4.89,81.5
1,4.88,2.03,2.42,2.74,62.53,4.35,77.4
0,21.93,6.83,6.19,6.3,10.79,15.31,72.4
1,5.08,2.08,2.44,3.32,54.67,4.33,75.7
0,25.72,7.34,8.92,5.13,12.66,16.42,72.5
0,23.83,6.37,7.11,5.45,12.82,15.56,72.4
0,26.1,36.57,27.12,48.6,2.19,15.25,56.5
0,23.61,8.63,7.32,9.52,7.3,16.35,70.1
0,21.74,6.66,6.09,6.2,11.1,15.69,72.2
1,5.59,9.6,2.5,4.02,17.67,5.24,73.6
0,22.14,7.02,6.27,6.48,10.54,15.25,72.7
0,23.61,8.53,7.23,9.15,7.54,16.84,70.2
0,24.75,7.61,7.58,4.94,13.84,15.56,72.8
1,4.54,1.81,2.24,1.38,61.28,4.78,82.9
1,4.67,1.87,2.27,1.39,61.28,4.84,82.0
0,27.01,8.23,8.88,4.98,12.51,16.7,72.7
0,25.11,9.12,8.44,13.68,5.86,15.62,64.6
0,22.54,7.79,6.61,8.01,8.51,16.08,70.9
1,5.38,2.35,2.45,3.41,35.88,4.23,73.7
0,24.75,6.58,7.43,5.61,12.3,15.43,72.3
0,20.06,29.08,24.37,34.25,2.18,13.56,56.5
1,4.91,2.04,2.41,2.99,61.28,4.37,76.8
1,4.95,2.18,2.42,3.52,52.74,4.31,75.1
1,4.65,1.92,2.29,1.48,62.53,4.98,81.7
1,4.54,1.81,2.24,1.4,63.16,4.78,82.5
0,22.75,33.77,26.98,42.44,2.23,14.64,56.5
0,23.28,6.69,6.56,6.23,11.38,15.75,72.9
0,22.03,6.97,6.22,6.61,10.29,15.62,72.5
0,24.75,9.05,8.08,12.34,6.07,16.98,66.8
1,5.42,8.5,2.48,3.72,20.91,4.93,73.7
1,13.13,9.9,2.67,4.07,15.02,10.65,73.6
0,25.72,7.14,8.31,5.59,11.71,16.7,72.2
0,22.03,8.4,6.38,4.5,14.02,14.88,73.0
1,4.91,2.07,2.41,2.73,63.16,4.41,77.5
1,5.38,3.77,2.48,3.49,26.84,4.57,73.8
1,5.38,2.38,2.45,3.49,38.46,4.25,73.9
1,5.4,2.39,2.45,3.38,35.4,4.29,73.8
1,4.57,1.86,2.27,1.42,61.28,4.89,82.1
0,24.29,6.94,6.97,6.13,11.24,16.15,72.8
1,5.8,8.27,2.5,3.66,20.09,5.04,73.7
0,22.03,6.99,6.14,6.61,10.29,15.25,72.4
0,22.86,34.15,26.98,42.74,2.23,14.4,56.5
1,4.5,1.83,2.26,1.39,62.53,4.89,81.9
1,5.4,2.38,2.45,3.49,35.16,4.29,73.8
0,23.72,7.64,6.02,3.83,14.57,15.88,72.7
1,5.64,9.67,2.5,3.97,18.17,5.22,74.2
1,9.66,10.18,2.59,4.33,14.89,9.4,73.9
0,22.14,8.04,6.25,4.39,14.44,14.82,72.9
1,4.5,1.78,2.24,1.37,64.47,4.78,83.4
0,22.24,7.14,6.22,6.77,10.08,15.62,71.8
1,4.57,1.89,2.29,1.46,63.81,4.93,82.2
1,5.42,8.47,2.5,3.72,21.22,4.91,73.7
0,24.87,9.09,7.92,11.25,6.52,16.98,68.7
0,22.54,7.64,6.48,7.77,8.78,15.69,70.8
1,4.86,2.08,2.44,3.24,58.36,4.35,76.0
0,25.85,37.88,28.09,48.22,2.19,15.88,56.2
0,23.61,8.53,7.26,9.41,7.42,16.56,70.3
0,23.61,8.67,7.29,9.48,7.36,16.28,70.2
0,24.17,32.85,26.07,41.25,2.23,14.76,56.5
1,4.57,1.83,2.27,1.4,62.53,4.84,82.1
1,18.95,6.97,5.05,4.43,16.34,13.13,72.9
1,4.91,2.04,2.41,2.69,64.47,4.41,77.7
0,22.86,6.5,6.22,6.48,11.52,15.75,72.8
1,5.33,2.33,2.45,3.38,39.86,4.21,74.0
1,5.08,2.24,2.42,3.08,47.6,4.21,74.8
1,4.65,1.97,2.32,1.51,62.53,5.0,82.0
1,4.69,2.01,2.3,1.6,62.53,5.0,82.0
1,4.88,2.06,2.42,3.13,58.93,4.41,76.0
1,4.91,2.07,2.41,3.05,61.9,4.41,76.6
1,4.69,2.01,2.29,1.62,63.16,4.98,82.0
1,20.6,8.17,5.55,4.82,14.38,14.0,72.9
0,24.17,8.91,7.65,10.51,6.7,16.7,68.8
1,4.52,1.85,2.26,1.41,65.83,4.8,81.9
1,4.63,1.94,2.3,1.48,64.47,4.53,81.7
1,4.61,1.9,2.26,1.46,62.53,4.89,82.4
0,22.03,33.96,28.52,42.13,2.41,15.18,56.6
1,5.4,2.44,2.47,3.46,31.91,4.33,73.9
0,24.17,5.94,7.2,5.06,14.02,15.31,72.4
1,4.67,1.9,2.27,1.39,62.53,5.15,81.8
1,20.33,9.41,5.14,4.8,13.49,14.17,72.9
0,16.01,4.39,4.22,5.09,16.72,12.37,72.6
0,23.61,8.6,7.29,9.48,7.33,16.02,70.2
1,4.46,1.79,2.27,1.37,64.47,4.78,83.4
1,4.48,1.78,2.26,1.32,62.53,4.74,82.6
0,22.75,41.5,29.72,49.38,2.22,14.4,55.1
1,4.52,1.82,2.26,1.38,64.47,4.84,82.5
1,5.35,7.58,2.48,3.54,23.41,4.72,73.7
0,25.11,9.16,8.18,12.8,5.88,16.49,66.1
0,25.23,9.05,8.44,13.74,5.86,15.95,63.1
0,21.93,33.77,28.66,42.44,2.41,14.82,56.6
1,5.9,8.94,2.5,3.39,17.83,5.57,73.5
1,5.1,2.36,2.45,3.38,41.66,4.23,74.2
1,5.13,2.32,2.44,3.33,43.61,4.25,74.4
0,24.63,9.12,7.95,11.57,6.34,17.05,67.9
0,21.64,5.25,5.99,4.58,15.77,13.89,72.1
0,24.4,6.47,6.86,4.31,14.7,15.5,72.5
0,22.03,7.4,6.38,7.5,9.02,15.56,71.7
0,23.83,8.63,7.32,9.6,7.16,16.15,70.1
1,7.1,9.63,2.53,4.0,15.7,7.3,73.7
1,4.69,1.94,2.29,1.52,61.28,5.04,82.2
0,24.52,9.01,7.8,10.98,6.6,16.84,68.8
1,18.47,9.41,3.89,4.33,14.26,13.29,73.1
1,5.38,2.41,2.45,3.46,36.62,4.23,73.7
0,23.61,6.66,6.78,5.84,11.8,15.88,72.6
1,4.59,1.9,2.29,1.4,63.16,4.82,81.6
0,23.61,8.67,7.26,9.3,7.36,16.7,70.2
1,4.71,1.86,2.26,1.42,61.28,4.91,82.1
1,4.46,1.79,2.24,1.4,63.81,4.82,82.4
0,23.83,8.6,7.23,9.23,7.45,16.7,70.0
1,4.84,2.07,2.42,2.98,58.36,4.37,75.8
1,5.04,2.3,2.44,3.22,46.45,4.21,74.6
0,21.74,32.67,27.81,41.25,2.37,14.94,56.5
1,4.75,1.94,2.29,1.57,62.53,5.06,82.1
1,10.95,8.6,2.62,4.06,16.2,9.66,73.9
0,24.4,8.77,7.46,4.88,12.99,15.75,72.9
1,4.69,1.96,2.29,1.55,63.16,5.09,82.1
1,10.62,10.3,2.59,4.44,14.57,9.78,74.0
0,21.93,6.85,6.14,6.56,10.33,15.43,72.5
1,4.97,2.07,2.41,3.17,61.28,4.43,76.6
0,22.65,8.01,6.72,8.14,8.34,16.35,71.0
0,24.52,6.72,7.14,5.57,13.43,16.22,72.4
1,4.82,2.0,2.42,2.45,64.47,4.35,78.1
0,24.52,8.98,7.83,10.98,6.57,16.7,68.8
1,4.52,1.86,2.27,1.4,63.16,4.74,83.0
1,4.73,1.87,2.29,1.41,62.53,4.91,82.2
1,4.88,2.0,2.41,2.69,62.53,4.33,77.9
1,4.88,2.03,2.41,2.42,62.53,4.37,77.7
1,20.42,9.34,5.23,4.82,13.43,14.17,72.8
1,4.52,1.82,2.27,1.4,64.47,4.84,81.9
0,21.64,31.8,27.12,39.56,2.36,14.82,56.5
1,5.47,7.85,2.5,3.49,20.7,5.0,73.6
1,4.75,2.04,2.3,1.6,61.28,4.98,82.6
0,22.24,6.83,6.22,6.38,10.62,15.5,72.5
1,4.93,2.04,2.42,3.13,61.28,4.37,76.0
1,4.54,1.81,2.26,1.37,63.81,4.87,82.3
1,5.06,2.32,2.45,3.32,43.95,4.19,74.4
1,4.63,1.9,2.29,1.47,61.28,4.93,81.8
0,22.14,7.52,6.43,7.59,9.1,15.56,71.1
1,13.5,8.94,2.72,4.04,15.56,11.39,72.9
1,13.89,9.37,2.7,4.18,14.96,11.39,73.5
1,4.46,1.78,2.24,1.34,63.81,4.74,83.1
0,25.72,7.14,8.18,5.5,12.0,16.77,72.2
1,4.69,1.98,2.32,1.6,62.53,5.04,82.2
1,4.97,2.04,2.42,3.08,61.9,4.37,76.1
1,4.75,1.98,2.3,1.59,63.16,5.13,81.5
1,4.69,1.83,2.3,1.45,61.9,4.93,82.2
0,26.1,37.88,27.67,48.98,2.19,15.56,56.2
1,4.71,1.93,2.27,1.41,63.81,5.04,81.8
0,23.61,8.57,7.23,9.26,7.48,16.63,70.1
1,12.87,10.3,2.65,4.13,14.63,10.7,73.8
1,4.93,2.11,2.44,3.3,54.67,4.35,75.6
0,23.5,8.6,7.17,8.94,7.62,16.77,70.3
0,23.07,5.79,6.81,4.94,14.51,14.82,72.2
1,15.37,9.48,2.81,4.24,14.7,12.13,73.4
1,5.13,2.23,2.44,3.49,49.22,4.25,74.9
0,21.74,31.8,27.12,39.29,2.38,14.88,56.5
1,8.23,9.09,2.54,3.74,16.49,8.46,73.8
1,4.86,2.13,2.42,3.33,53.21,4.29,75.2
0,24.4,6.99,6.92,6.2,11.15,16.08,72.7
1,4.48,1.82,2.24,1.37,64.47,4.8,83.1
1,4.73,1.98,2.3,1.59,62.53,5.02,82.0
0,22.24,6.85,6.19,6.38,10.66,15.37,72.5
1,5.17,2.32,2.47,3.28,41.35,4.17,74.1
1,18.87,9.09,4.42,4.5,14.02,13.4,73.0
0,19.8,5.41,5.28,6.13,13.15,14.58,72.8
0,25.35,9.3,8.44,13.23,5.93,16.84,65.9
0,24.87,6.85,7.43,5.96,12.99,16.42,72.5
1,4.84,2.01,2.41,2.66,63.81,4.39,77.8
0,23.95,8.67,7.35,9.71,7.11,16.02,70.1
1,4.71,1.96,2.3,1.57,62.53,5.02,82.3
0,25.23,7.14,7.77,6.01,12.61,16.49,72.5
0,24.17,7.05,6.78,5.87,11.29,15.88,72.7
0,23.95,32.49,26.07,41.83,2.24,14.7,56.5
0,21.64,32.14,27.25,39.83,2.37,14.76,56.5
1,5.38,2.51,2.45,3.44,30.74,4.39,73.9
0,22.14,8.27,6.48,4.52,13.96,14.76,73.7
0,25.72,6.8,8.11,5.0,13.32,15.95,72.5
1,5.13,2.23,2.44,3.52,48.4,4.25,75.5
0,21.25,5.57,5.75,5.15,14.83,14.34,72.4
1,13.03,9.98,2.65,4.07,14.89,10.7,73.7
1,4.54,1.86,2.27,1.41,63.16,4.91,82.0
1,4.5,1.81,2.24,1.4,64.47,4.78,82.7
1,4.84,2.0,2.39,2.52,62.53,4.31,78.2
0,20.24,30.8,26.07,33.41,2.12,13.56,56.5
1,4.91,2.04,2.44,3.14,61.9,4.41,76.5
1,5.47,8.6,2.5,3.81,20.09,5.0,73.7
0,21.93,7.31,6.3,7.13,9.5,15.5,71.4
0,22.24,33.96,27.67,42.44,2.26,14.4,56.5
0,24.17,6.88,6.83,6.2,11.1,16.08,72.8
0,25.85,37.43,27.67,48.6,2.21,15.69,56.2
1,4.95,2.17,2.42,3.56,50.92,4.27,75.1
1,4.54,1.82,2.27,1.18,64.47,4.8,82.3
1,4.52,1.83,2.26,1.39,63.16,4.93,82.0
0,22.86,6.37,5.84,4.18,14.38,15.18,72.2
1,4.71,1.98,2.32,1.55,63.81,4.98,81.8
1,4.5,1.82,2.26,1.38,62.53,4.78,83.1
0,25.85,37.21,27.25,48.6,2.19,15.31,56.2
0,22.96,41.24,29.26,48.98,2.23,14.58,55.8
1,4.88,2.07,2.44,3.14,60.09,4.43,76.0
0,24.52,6.37,7.52,4.64,14.51,15.5,72.1
1,4.46,1.79,2.26,1.35,63.81,4.72,82.6
0,19.54,28.49,24.96,31.82,2.26,13.72,56.5
1,5.31,2.33,2.42,3.25,40.45,4.19,74.0
0,24.52,6.24,7.43,5.04,13.84,15.62,72.5
1,4.52,1.82,2.24,1.37,65.83,4.82,82.5
0,24.4,8.87,7.71,10.89,6.47,16.42,68.8
0,23.07,40.99,29.11,48.22,2.22,14.23,55.4
0,22.24,6.74,6.22,6.18,11.19,15.62,71.8
0,21.93,6.85,6.22,6.4,10.62,15.25,72.6
0,23.5,8.53,7.14,8.94,7.68,16.84,70.5
0,18.87,25.79,22.2,28.82,2.08,12.62,56.5
0,24.75,9.09,8.08,12.49,5.93,16.63,66.4
1,4.71,2.03,2.32,1.59,62.53,5.0,82.5
1,4.73,2.0,2.32,1.56,61.28,5.02,82.0
1,4.61,1.92,2.29,1.47,62.53,4.91,81.9
1,4.93,2.03,2.41,3.1,61.9,4.39,76.5
0,22.65,33.4,26.72,42.13,2.26,14.46,56.5
0,24.52,8.87,7.71,10.81,6.52,16.42,69.2
1,4.67,1.96,2.29,1.57,63.81,5.09,81.9
0,23.72,8.6,7.14,8.98,7.51,16.77,70.3
0,23.39,6.69,6.64,6.25,11.33,15.69,72.8
0,22.86,8.14,6.83,8.37,8.15,16.28,70.8
1,4.67,1.96,2.27,1.46,64.47,5.02,81.8
1,4.71,1.94,2.3,1.54,62.53,5.06,82.0
1,7.36,8.84,2.56,3.71,17.1,7.75,73.7
0,23.07,6.63,6.25,5.59,12.15,15.75,72.6
0,22.03,7.11,6.22,6.8,10.08,15.5,72.3
1,4.86,1.98,2.41,2.55,62.53,4.33,77.7
0,24.87,6.94,7.26,5.89,11.71,16.22,72.5
0,22.03,6.72,6.19,6.2,11.1,15.5,72.3
1,4.75,2.03,2.32,1.62,62.53,5.0,82.5
0,22.96,5.79,6.4,4.68,14.57,15.18,72.1
1,4.86,2.1,2.44,3.16,52.74,4.29,75.4
1,4.88,2.06,2.41,3.21,58.36,4.39,75.9
0,23.83,8.67,7.41,9.75,7.11,16.63,70.0
1,17.26,6.11,4.52,4.0,18.25,12.32,73.0
1,5.35,6.85,2.47,3.52,24.43,4.57,73.7
0,20.97,29.08,24.03,35.13,2.23,14.11,56.5
1,5.19,2.36,2.45,3.41,41.98,4.19,74.2
1,4.52,1.83,2.24,1.4,63.16,4.84,82.1
1,4.82,2.03,2.41,2.57,65.15,4.39,77.7
1,4.54,1.85,2.24,1.37,63.16,4.74,83.0
1,4.88,2.07,2.42,2.96,62.53,4.29,77.3
1,4.71,2.04,2.32,1.6,63.16,4.95,82.1
1,4.97,3.17,2.44,3.41,50.92,4.29,75.1
1,4.52,1.82,2.26,1.4,64.47,5.11,82.0
1,5.78,8.7,2.5,3.72,17.67,5.36,73.6
0,22.24,7.49,6.38,7.5,9.1,15.75,71.1
1,4.88,2.0,2.42,2.86,61.28,4.35,76.1
0,21.93,33.77,28.37,42.13,2.38,14.58,56.6
0,23.61,6.77,6.56,6.33,11.29,16.22,72.3
0,24.63,8.77,8.05,13.45,5.86,15.37,62.0
1,16.42,5.91,4.24,3.72,19.14,12.27,73.1
0,24.52,9.05,7.95,11.75,6.27,16.84,67.7
0,26.1,6.85,8.08,5.04,13.21,15.88,72.5
1,4.82,1.97,2.39,2.62,63.81,4.33,77.9
0,22.86,33.96,26.98,42.44,2.23,14.58,56.5
0,25.47,9.23,8.41,13.62,5.88,16.77,64.8
0,25.6,36.35,27.95,48.6,2.19,15.75,56.5
1,5.08,2.18,2.44,3.32,50.49,4.23,75.1
0,23.28,8.27,7.0,8.67,7.93,16.42,70.9
0,25.11,6.83,7.71,5.66,12.1,15.95,72.3
1,4.67,1.97,2.3,1.59,62.53,5.04,82.1
0,24.87,9.05,8.05,12.29,6.07,16.98,66.8
0,25.47,9.23,8.51,13.62,5.88,16.77,64.6
0,23.72,8.53,7.17,9.01,7.54,16.7,70.2
0,23.5,41.5,29.41,49.77,2.21,14.76,55.8
1,4.63,1.96,2.27,1.5,63.81,4.95,82.0
0,27.15,8.11,9.06,5.13,12.51,16.7,72.6
1,4.5,1.82,2.26,1.42,62.53,4.82,83.3
0,21.93,33.21,26.72,41.25,2.24,14.23,56.5
0,25.35,9.3,8.41,13.23,5.98,16.77,65.9
1,5.4,7.7,2.47,3.56,22.92,4.74,73.7
0,22.03,7.55,6.4,7.56,9.02,15.43,71.1
1,5.13,2.33,2.44,3.32,42.62,4.19,74.2
1,4.67,2.0,2.32,1.56,61.28,5.0,81.9
1,4.63,1.92,2.27,1.36,62.53,5.11,82.0
0,21.64,32.14,27.25,40.11,2.37,14.82,56.5
0,21.64,32.32,27.39,40.39,2.37,14.94,56.5
1,4.88,2.04,2.42,2.76,64.47,4.43,77.5
1,4.5,1.81,2.26,1.34,63.16,4.74,82.5
1,4.46,1.82,2.26,1.4,64.47,4.8,82.6
0,20.51,30.0,24.96,35.58,2.19,13.72,56.5
0,26.48,7.16,8.81,5.09,12.77,15.69,72.5
0,23.28,8.4,7.06,8.8,7.78,16.56,70.7
0,23.39,6.47,6.61,5.8,12.05,15.82,72.7
0,23.61,41.5,29.72,49.38,2.19,14.82,56.2
1,4.67,1.9,2.29,1.36,62.53,5.17,82.0
0,21.93,33.77,28.37,42.13,2.38,14.76,56.5
0,23.07,41.24,28.96,48.22,2.21,14.64,55.4
1,5.08,2.18,2.44,3.35,50.49,4.25,75.0
0,22.54,7.85,6.61,8.01,8.51,16.08,70.9
1,4.69,1.93,2.27,1.37,63.16,5.04,81.8
1,4.42,1.75,2.24,1.35,63.16,4.78,82.8
1,4.88,2.06,2.41,3.22,59.5,4.37,76.0
0,25.6,6.77,7.99,4.82,14.02,15.82,72.6
1,4.67,1.94,2.29,1.52,63.81,5.06,81.9
0,22.24,30.8,24.96,36.99,2.17,14.11,56.5
1,9.22,10.18,2.59,4.22,14.76,9.26,73.8
1,18.87,9.01,4.52,4.48,14.2,13.34,72.8
1,4.93,2.07,2.41,3.22,59.5,4.43,76.0
1,5.35,2.53,2.45,3.44,29.64,4.47,74.5
1,4.67,1.97,2.32,1.56,63.81,5.09,82.1
1,4.54,1.89,2.27,1.47,63.81,4.89,82.2
1,4.91,2.04,2.41,3.01,61.28,4.39,77.2
1,4.93,2.07,2.41,2.96,61.9,4.41,77.3
0,21.93,7.05,6.22,6.74,10.04,15.62,72.3
1,4.71,1.98,2.29,1.57,61.9,5.09,81.9
0,20.97,5.81,5.6,6.33,12.45,15.0,72.8
1,4.67,1.94,2.3,1.48,63.81,4.95,82.0
0,22.14,33.96,28.81,42.44,2.42,14.64,56.6
0,24.29,8.87,7.65,10.38,6.81,16.49,69.5
0,23.83,8.57,7.17,9.05,7.48,16.7,70.3
1,20.88,8.43,5.6,4.86,14.26,14.11,72.9
1,6.18,9.6,2.51,3.91,16.57,6.0,73.6
1,4.88,2.03,2.42,2.73,64.47,4.39,77.5
1,4.69,1.98,2.29,1.58,63.16,5.06,82.8
0,26.1,36.35,27.12,48.6,2.18,15.62,56.2
0,24.17,8.91,7.62,10.38,6.75,16.7,69.5
1,5.4,7.82,2.48,3.36,23.16,4.78,73.7
0,23.18,6.63,6.45,6.23,11.42,15.75,72.9
0,22.65,33.96,26.85,42.44,2.22,14.52,56.5
1,5.47,8.7,2.48,3.76,20.8,4.98,73.8
0,23.83,6.06,6.83,4.82,14.2,15.43,72.3
1,4.82,1.97,2.39,2.42,63.81,4.29,78.2
1,4.63,1.96,2.29,1.5,63.81,4.95,82.2
1,4.69,1.83,2.26,1.43,60.68,4.91,82.0
0,22.75,33.58,26.98,42.44,2.24,14.46,56.5
1,16.62,6.16,4.1,3.52,19.05,12.42,73.1
1,4.65,1.92,2.29,1.49,63.16,4.98,81.8
0,25.72,6.99,7.38,4.44,13.84,16.28,72.5
1,4.73,1.94,2.29,1.52,63.16,5.06,82.1
0,21.64,32.49,27.67,40.96,2.37,14.88,56.5
0,21.64,29.08,24.14,36.99,2.31,14.06,56.5
0,22.44,7.76,6.51,7.8,8.75,15.82,70.8
1,5.1,2.26,2.44,3.13,48.0,4.23,74.8
1,4.63,1.96,2.3,1.5,61.28,4.95,81.7
0,25.6,9.41,8.71,13.85,6.02,16.91,64.0
1,11.04,9.01,2.62,4.26,15.49,9.89,74.0
1,4.5,1.85,2.24,1.39,62.53,4.8,82.4
0,23.28,6.72,6.45,6.4,11.33,15.95,72.8
0,24.99,6.66,7.77,4.74,14.2,15.62,72.6
1,16.48,8.84,3.19,4.15,15.49,12.27,73.2
0,24.4,8.98,7.83,11.07,6.54,16.91,68.8
0,22.24,7.43,6.38,7.47,9.06,15.62,71.3
1,4.95,2.07,2.41,3.04,60.68,4.41,76.7
0,27.01,8.27,8.85,4.96,12.51,16.7,72.7
1,4.67,1.9,2.27,1.35,61.28,5.15,82.0
0,23.39,8.47,7.06,8.8,7.68,16.63,70.6
1,4.5,1.83,2.26,1.37,65.83,4.84,82.2
1,4.91,2.08,2.42,3.17,57.27,4.39,75.9
1,4.93,2.18,2.42,3.36,50.06,4.25,75.0
1,4.52,1.85,2.24,1.38,64.47,4.78,82.5
1,5.42,7.55,2.48,3.48,23.28,4.82,73.8
1,4.57,1.87,2.29,1.47,63.16,4.89,82.4
0,22.03,7.4,6.32,7.35,9.24,15.5,71.2
0,25.11,9.19,8.44,13.68,5.84,16.49,65.4
1,7.24,9.01,2.54,3.86,16.64,7.6,73.7
0,22.34,31.63,25.32,40.96,2.26,14.7,56.5
0,22.03,7.19,6.27,6.96,9.73,15.18,71.6
0,26.75,7.49,8.78,5.04,12.88,16.56,72.7
0,21.93,7.22,6.25,6.99,9.73,15.12,72.2
0,16.69,4.58,4.42,5.39,15.7,12.82,72.7
1,4.5,1.83,2.26,1.38,62.53,4.82,82.2
1,4.67,1.9,2.27,1.38,63.81,5.17,81.8
1,4.63,1.93,2.3,1.48,62.53,5.0,81.5
1,4.95,2.04,2.41,2.82,61.9,4.41,76.7
1,4.54,1.85,2.29,1.4,61.9,4.82,82.0
0,23.39,42.29,29.87,48.22,2.19,14.76,55.8
1,4.71,1.93,2.3,1.51,62.53,5.04,82.0
1,4.46,1.78,2.26,1.34,64.47,4.76,82.9
0,23.72,8.94,6.72,4.64,13.43,15.62,72.9
0,24.52,8.98,7.68,10.55,6.67,16.77,69.4
